{"cameraMode":{"drawMode":0,"name":"Shaded","section":"Shading Mode"},"sceneLighting":true,"audioPlay":false,"sceneViewState":{"showFog":true,"showMaterialUpdate":false,"showSkybox":true,"showFlares":true,"showImageEffects":true,"showParticleSystems":true},"in2DMode":false,"pivot":{"x":1.4476044178009034,"y":2.708571434020996,"z":8.455965042114258},"rotation":{"x":-0.02099686674773693,"y":0.012293298728764058,"z":-0.00025804180768318474,"w":-0.9997058510780335},"size":15.54328441619873,"orthographic":false}